Workbook

Sheet Dashboard
B2: IT Budget & SLA Tracker — Dashboard
B3: Built by Zohaib Yousaf — IT Manager | info@zohaibyousaf.com | Every figure below is a live formula from IT_Budget and SLA_Monthly. Sample data — replace with actuals.
B5: Total Annual IT Budget | E5: Actual Spend YTD | H5: Budget Variance %
B6: =IT_Budget!C12 | E6: =IT_Budget!H12 | H6: =IT_Budget!J12
B9: SLA Met % (YTD) | E9: Tickets This Month (Oct 2026) | H9: Contracts Flagged RENEW SOON
B10: =SLA_Monthly!E12 | E10: =SLA_Monthly!B11 | H10: =COUNTIF(Vendors!H:H,"RENEW SOON")
B14: How to use: 1) Update Q1–Q4 actuals on IT_Budget as invoices land — variance and status update themselves. 2) Add one row per month to SLA_Monthly; months under the 95% SLA target are highlighted. 3) Keep Vendors renewal dates current — contracts inside their notice period flag RENEW SOON on this Dashboard.

Sheet IT_Budget
A1: Category | B1: Item | C1: Annual Budget | D1: Q1 Actual | E1: Q2 Actual | F1: Q3 Actual | G1: Q4 Actual | H1: Total Actual | I1: Remaining | J1: Variance % | K1: Status
A2: Hardware | B2: End-user devices refresh (laptops & desktops) | C2: 45000 | D2: 12800 | E2: 11500 | F2: 9400 | G2: 0 | H2: =SUM(D2:G2) | I2: =C2-H2 | J2: =IF(C2=0,0,(H2-C2)/C2) | K2: =IF(H2>C2,"Over Budget","On Track")
A3: Hardware | B3: Servers & storage | C3: 30000 | D3: 8200 | E3: 7600 | F3: 5100 | G3: 0 | H3: =SUM(D3:G3) | I3: =C3-H3 | J3: =IF(C3=0,0,(H3-C3)/C3) | K3: =IF(H3>C3,"Over Budget","On Track")
A4: Software & Licences | B4: Microsoft 365 & software licences | C4: 24000 | D4: 6000 | E4: 6000 | F4: 6000 | G4: 0 | H4: =SUM(D4:G4) | I4: =C4-H4 | J4: =IF(C4=0,0,(H4-C4)/C4) | K4: =IF(H4>C4,"Over Budget","On Track")
A5: Software & Licences | B5: Design & productivity tools | C5: 4000 | D5: 2350 | E5: 1900 | F5: 0 | G5: 0 | H5: =SUM(D5:G5) | I5: =C5-H5 | J5: =IF(C5=0,0,(H5-C5)/C5) | K5: =IF(H5>C5,"Over Budget","On Track")
A6: Cloud (Azure/M365) | B6: Azure infrastructure & cloud services | C6: 36000 | D6: 8400 | E6: 9100 | F6: 9800 | G6: 0 | H6: =SUM(D6:G6) | I6: =C6-H6 | J6: =IF(C6=0,0,(H6-C6)/C6) | K6: =IF(H6>C6,"Over Budget","On Track")
A7: Cloud (Azure/M365) | B7: SaaS subscriptions | C7: 15000 | D7: 3700 | E7: 3800 | F7: 3900 | G7: 0 | H7: =SUM(D7:G7) | I7: =C7-H7 | J7: =IF(C7=0,0,(H7-C7)/C7) | K7: =IF(H7>C7,"Over Budget","On Track")
A8: Network | B8: Internet, WAN links & network hardware | C8: 32000 | D8: 7900 | E8: 8100 | F8: 8050 | G8: 0 | H8: =SUM(D8:G8) | I8: =C8-H8 | J8: =IF(C8=0,0,(H8-C8)/C8) | K8: =IF(H8>C8,"Over Budget","On Track")
A9: Security | B9: Security tools, firewall licences & backup | C9: 28000 | D9: 6900 | E9: 7050 | F9: 7000 | G9: 0 | H9: =SUM(D9:G9) | I9: =C9-H9 | J9: =IF(C9=0,0,(H9-C9)/C9) | K9: =IF(H9>C9,"Over Budget","On Track")
A10: Support Contracts | B10: Vendor support & maintenance contracts | C10: 20000 | D10: 5000 | E10: 5000 | F10: 5000 | G10: 0 | H10: =SUM(D10:G10) | I10: =C10-H10 | J10: =IF(C10=0,0,(H10-C10)/C10) | K10: =IF(H10>C10,"Over Budget","On Track")
A11: Training | B11: IT staff training & certifications | C11: 8000 | D11: 1800 | E11: 2400 | F11: 1200 | G11: 0 | H11: =SUM(D11:G11) | I11: =C11-H11 | J11: =IF(C11=0,0,(H11-C11)/C11) | K11: =IF(H11>C11,"Over Budget","On Track")
A12: TOTAL | B12: All categories | C12: =SUM(C2:C11) | D12: =SUM(D2:D11) | E12: =SUM(E2:E11) | F12: =SUM(F2:F11) | G12: =SUM(G2:G11) | H12: =SUM(H2:H11) | I12: =SUM(I2:I11) | J12: =IF(C12=0,0,(H12-C12)/C12) | K12: =IF(COUNTIF(K2:K11,"Over Budget")>0,"Review — see lines above","On Track")

Sheet SLA_Monthly
A1: Month | B1: Tickets Logged | C1: Resolved | D1: Resolved Within SLA | E1: SLA % | F1: Avg Resolution (hrs) | G1: P1 Incidents
A2: Jan 2026 | B2: 148 | C2: 141 | D2: 140 | E2: =IF(B2=0,0,D2/B2) | F2: 7.4 | G2: 1
A3: Feb 2026 | B3: 132 | C3: 128 | D3: 126 | E3: =IF(B3=0,0,D3/B3) | F3: 6.8 | G3: 0
A4: Mar 2026 | B4: 171 | C4: 158 | D4: 149 | E4: =IF(B4=0,0,D4/B4) | F4: 9.6 | G4: 2
A5: Apr 2026 | B5: 156 | C5: 150 | D5: 148 | E5: =IF(B5=0,0,D5/B5) | F5: 7.1 | G5: 1
A6: May 2026 | B6: 164 | C6: 159 | D6: 156 | E6: =IF(B6=0,0,D6/B6) | F6: 7.9 | G6: 1
A7: Jun 2026 | B7: 149 | C7: 144 | D7: 142 | E7: =IF(B7=0,0,D7/B7) | F7: 6.5 | G7: 0
A8: Jul 2026 | B8: 138 | C8: 133 | D8: 131 | E8: =IF(B8=0,0,D8/B8) | F8: 6.9 | G8: 1
A9: Aug 2026 | B9: 127 | C9: 123 | D9: 121 | E9: =IF(B9=0,0,D9/B9) | F9: 6.2 | G9: 0
A10: Sep 2026 | B10: 186 | C10: 172 | D10: 166 | E10: =IF(B10=0,0,D10/B10) | F10: 10.8 | G10: 3
A11: Oct 2026 | B11: 173 | C11: 160 | D11: 157 | E11: =IF(B11=0,0,D11/B11) | F11: 8.7 | G11: 1
A12: TOTAL / AVERAGE (Jan–Oct) | B12: =SUM(B2:B11) | C12: =SUM(C2:C11) | D12: =SUM(D2:D11) | E12: =IF(B12=0,0,D12/B12) | F12: =ROUND(AVERAGE(F2:F11),1) | G12: =SUM(G2:G11)

Sheet Vendors
A1: Vendor | B1: Service | C1: Contract Start | D1: Renewal Date | E1: Annual Cost | F1: Notice Period (days) | G1: Days to Renewal | H1: Renewal Alert
A2: Microsoft | B2: Microsoft 365 & Azure agreement | C2: 46082 | D2: 46447 | E2: 60000 | F2: 90 | G2: =D2-TODAY() | H2: =IF(G2<=F2,"RENEW SOON","OK")
A3: Adobe | B3: Creative & document tools | C3: 46006 | D3: 46371 | E3: 5400 | F3: 30 | G3: =D3-TODAY() | H3: =IF(G3<=F3,"RENEW SOON","OK")
A4: Primary ISP | B4: Fibre internet & WAN links | C4: 45976 | D4: 46341 | E4: 21600 | F4: 30 | G4: =D4-TODAY() | H4: =IF(G4<=F4,"RENEW SOON","OK")
A5: Endpoint Security Vendor | B5: Antivirus & endpoint protection | C5: 46053 | D5: 46418 | E5: 8400 | F5: 60 | G5: =D5-TODAY() | H5: =IF(G5<=F5,"RENEW SOON","OK")
A6: Backup Vendor | B6: Backup & recovery platform | C6: 46172 | D6: 46537 | E6: 9600 | F6: 60 | G6: =D6-TODAY() | H6: =IF(G6<=F6,"RENEW SOON","OK")
A7: Hardware Maintenance Co. | B7: Server & network support contract | C7: 46204 | D7: 46569 | E7: 14400 | F7: 90 | G7: =D7-TODAY() | H7: =IF(G7<=F7,"RENEW SOON","OK")
A8: Domain & Hosting Provider | B8: Domains, DNS & web hosting | C8: 46054 | D8: 46419 | E8: 1800 | F8: 30 | G8: =D8-TODAY() | H8: =IF(G8<=F8,"RENEW SOON","OK")

Sheet Summary
A1: Month | B1: Tickets Logged | C1: SLA %
A2: =SLA_Monthly!A2 | B2: =SLA_Monthly!B2 | C2: =SLA_Monthly!E2
A3: =SLA_Monthly!A3 | B3: =SLA_Monthly!B3 | C3: =SLA_Monthly!E3
A4: =SLA_Monthly!A4 | B4: =SLA_Monthly!B4 | C4: =SLA_Monthly!E4
A5: =SLA_Monthly!A5 | B5: =SLA_Monthly!B5 | C5: =SLA_Monthly!E5
A6: =SLA_Monthly!A6 | B6: =SLA_Monthly!B6 | C6: =SLA_Monthly!E6
A7: =SLA_Monthly!A7 | B7: =SLA_Monthly!B7 | C7: =SLA_Monthly!E7
A8: =SLA_Monthly!A8 | B8: =SLA_Monthly!B8 | C8: =SLA_Monthly!E8
A9: =SLA_Monthly!A9 | B9: =SLA_Monthly!B9 | C9: =SLA_Monthly!E9
A10: =SLA_Monthly!A10 | B10: =SLA_Monthly!B10 | C10: =SLA_Monthly!E10
A11: =SLA_Monthly!A11 | B11: =SLA_Monthly!B11 | C11: =SLA_Monthly!E11
